{
  "anomaly_features": [
    "tot_allarmi_log",
    "pct_interpol",
    "pct_sdi",
    "pct_nsis",
    "tasso_chiusura",
    "tasso_rilevanza",
    "tasso_allarme_medio",
    "tasso_inv_medio",
    "score_rischio_esiti",
    "tasso_respinti",
    "tasso_fermati"
  ],
  "n_features": 11,
  "n_routes": 567,
  "z_score_threshold": 2.5,
  "stats": {
    "tot_allarmi_log": {
      "mean": 3.1722389917554006,
      "std": 3.003256976362667,
      "median": 2.70805020110221,
      "q1": 0.0,
      "q3": 5.944109991866638,
      "iqr": 5.944109991866638,
      "tukey_upper": 14.860274979666594,
      "tukey_lower": -8.916164987799956,
      "p95": 7.602999315827941,
      "p99": 8.088315525491357,
      "z_upper": 10.680381432662069,
      "is_sparse": 0
    },
    "pct_interpol": {
      "mean": 0.1149767654465049,
      "std": 0.1984268882156776,
      "median": 0.0,
      "q1": 0.0,
      "q3": 0.18046132971506104,
      "iqr": 0.18046132971506104,
      "tukey_upper": 0.45115332428765265,
      "tukey_lower": -0.2706919945725916,
      "p95": 0.5,
      "p99": 1.0,
      "z_upper": 0.611043985985699,
      "is_sparse": 0
    },
    "pct_sdi": {
      "mean": 0.12927737653650476,
      "std": 0.21368621511759509,
      "median": 0.0,
      "q1": 0.0,
      "q3": 0.2,
      "iqr": 0.2,
      "tukey_upper": 0.5,
      "tukey_lower": -0.30000000000000004,
      "p95": 0.5,
      "p99": 1.0,
      "z_upper": 0.6634929143304924,
      "is_sparse": 0
    },
    "pct_nsis": {
      "mean": 0.12055830600783268,
      "std": 0.19428527818963295,
      "median": 0.0,
      "q1": 0.0,
      "q3": 0.2,
      "iqr": 0.2,
      "tukey_upper": 0.5,
      "tukey_lower": -0.30000000000000004,
      "p95": 0.5,
      "p99": 1.0,
      "z_upper": 0.6062715014819151,
      "is_sparse": 0
    },
    "tasso_chiusura": {
      "mean": 0.24414031619651036,
      "std": 0.4290481677862341,
      "median": 0.0,
      "q1": 0.0,
      "q3": 0.0,
      "iqr": 0.0,
      "tukey_upper": 1.0,
      "tukey_lower": -Infinity,
      "p95": 1.0,
      "p99": 1.0,
      "z_upper": 1.3167607356620956,
      "is_sparse": 1
    },
    "tasso_rilevanza": {
      "mean": 0.0683883429915176,
      "std": 0.22751144219256839,
      "median": 0.0,
      "q1": 0.0,
      "q3": 0.0,
      "iqr": 0.0,
      "tukey_upper": 0.6666666666666666,
      "tukey_lower": -Infinity,
      "p95": 0.6666666666666666,
      "p99": 1.0,
      "z_upper": 0.6371669484729386,
      "is_sparse": 1
    },
    "tasso_allarme_medio": {
      "mean": 0.20141206644245077,
      "std": 0.2958048429598454,
      "median": 0.0,
      "q1": 0.0,
      "q3": 0.3333333333333333,
      "iqr": 0.3333333333333333,
      "tukey_upper": 0.8333333333333333,
      "tukey_lower": -0.5,
      "p95": 1.0,
      "p99": 1.0,
      "z_upper": 0.9409241738420643,
      "is_sparse": 0
    },
    "tasso_inv_medio": {
      "mean": 0.7601828271105846,
      "std": 0.40548609923575435,
      "median": 1.0,
      "q1": 0.6666666666666666,
      "q3": 1.0,
      "iqr": 0.33333333333333337,
      "tukey_upper": 1.5,
      "tukey_lower": 0.16666666666666663,
      "p95": 1.0,
      "p99": 1.0,
      "z_upper": 1.7738980751999704,
      "is_sparse": 0
    },
    "score_rischio_esiti": {
      "mean": 0.11545744278208112,
      "std": 0.16524903111588782,
      "median": 0.0,
      "q1": 0.0,
      "q3": 0.1948822605965463,
      "iqr": 0.1948822605965463,
      "tukey_upper": 0.4872056514913657,
      "tukey_lower": -0.2923233908948194,
      "p95": 0.6,
      "p99": 0.6,
      "z_upper": 0.5285800205718006,
      "is_sparse": 0
    },
    "tasso_respinti": {
      "mean": 0.12383544260925038,
      "std": 0.25156564329506625,
      "median": 0.0,
      "q1": 0.0,
      "q3": 0.144487932159165,
      "iqr": 0.144487932159165,
      "tukey_upper": 0.3612198303979125,
      "tukey_lower": -0.2167318982387475,
      "p95": 1.0,
      "p99": 1.0,
      "z_upper": 0.7527495508469161,
      "is_sparse": 0
    },
    "tasso_fermati": {
      "mean": 0.1028904430413272,
      "std": 0.21019041895812685,
      "median": 0.0,
      "q1": 0.0,
      "q3": 0.1333333333333333,
      "iqr": 0.1333333333333333,
      "tukey_upper": 0.33333333333333326,
      "tukey_lower": -0.19999999999999996,
      "p95": 0.5,
      "p99": 1.0,
      "z_upper": 0.6283664904366443,
      "is_sparse": 0
    }
  }
}