{
  "anomaly_features": [
    "tot_allarmi_log",
    "pct_interpol",
    "pct_sdi",
    "pct_nsis",
    "tasso_chiusura",
    "tasso_rilevanza",
    "tasso_allarme_medio",
    "tasso_inv_medio",
    "score_rischio_esiti",
    "tasso_respinti",
    "tasso_fermati"
  ],
  "n_features": 11,
  "n_routes": 567,
  "z_score_threshold": 2.5,
  "stats": {
    "tot_allarmi_log": {
      "mean": 3.169446808971314,
      "std": 3.0002371581330274,
      "median": 2.70805020110221,
      "q1": 0.0,
      "q3": 5.941485313923566,
      "iqr": 5.941485313923566,
      "tukey_upper": 14.853713284808917,
      "tukey_lower": -8.91222797088535,
      "p95": 7.602849278315436,
      "p99": 8.088315525491357,
      "z_upper": 10.670039704303882,
      "is_sparse": 0
    },
    "pct_interpol": {
      "mean": 0.1149767654465049,
      "std": 0.1984268882156776,
      "median": 0.0,
      "q1": 0.0,
      "q3": 0.18046132971506104,
      "iqr": 0.18046132971506104,
      "tukey_upper": 0.45115332428765265,
      "tukey_lower": -0.2706919945725916,
      "p95": 0.5,
      "p99": 1.0,
      "z_upper": 0.611043985985699,
      "is_sparse": 0
    },
    "pct_sdi": {
      "mean": 0.12927737653650476,
      "std": 0.21368621511759509,
      "median": 0.0,
      "q1": 0.0,
      "q3": 0.2,
      "iqr": 0.2,
      "tukey_upper": 0.5,
      "tukey_lower": -0.30000000000000004,
      "p95": 0.5,
      "p99": 1.0,
      "z_upper": 0.6634929143304924,
      "is_sparse": 0
    },
    "pct_nsis": {
      "mean": 0.12055830600783268,
      "std": 0.19428527818963295,
      "median": 0.0,
      "q1": 0.0,
      "q3": 0.2,
      "iqr": 0.2,
      "tukey_upper": 0.5,
      "tukey_lower": -0.30000000000000004,
      "p95": 0.5,
      "p99": 1.0,
      "z_upper": 0.6062715014819151,
      "is_sparse": 0
    },
    "tasso_chiusura": {
      "mean": 0.24414031619651036,
      "std": 0.4290481677862341,
      "median": 0.0,
      "q1": 0.0,
      "q3": 0.0,
      "iqr": 0.0,
      "tukey_upper": 1.0,
      "tukey_lower": -Infinity,
      "p95": 1.0,
      "p99": 1.0,
      "z_upper": 1.3167607356620956,
      "is_sparse": 1
    },
    "tasso_rilevanza": {
      "mean": 0.06847232720248593,
      "std": 0.2276005798912737,
      "median": 0.0,
      "q1": 0.0,
      "q3": 0.0,
      "iqr": 0.0,
      "tukey_upper": 0.6666666666666666,
      "tukey_lower": -Infinity,
      "p95": 0.6666666666666666,
      "p99": 1.0,
      "z_upper": 0.6374737769306702,
      "is_sparse": 1
    },
    "tasso_allarme_medio": {
      "mean": 0.22582238583326808,
      "std": 0.32011783400807486,
      "median": 0.0,
      "q1": 0.0,
      "q3": 0.3640559732664995,
      "iqr": 0.3640559732664995,
      "tukey_upper": 0.9101399331662489,
      "tukey_lower": -0.5460839598997493,
      "p95": 1.0,
      "p99": 1.0,
      "z_upper": 1.0261169708534552,
      "is_sparse": 0
    },
    "tasso_inv_medio": {
      "mean": 0.7478035092165628,
      "std": 0.4029766068852349,
      "median": 1.0,
      "q1": 0.5916666666666667,
      "q3": 1.0,
      "iqr": 0.4083333333333333,
      "tukey_upper": 1.6125,
      "tukey_lower": -0.02083333333333337,
      "p95": 1.0,
      "p99": 1.0,
      "z_upper": 1.75524502642965,
      "is_sparse": 0
    },
    "score_rischio_esiti": {
      "mean": 0.11716587221579695,
      "std": 0.16561201661499042,
      "median": 0.0,
      "q1": 0.0,
      "q3": 0.1999999999999999,
      "iqr": 0.1999999999999999,
      "tukey_upper": 0.4999999999999997,
      "tukey_lower": -0.2999999999999998,
      "p95": 0.6,
      "p99": 0.6,
      "z_upper": 0.531195913753273,
      "is_sparse": 0
    },
    "tasso_respinti": {
      "mean": 0.125602931134429,
      "std": 0.252422900457917,
      "median": 0.0,
      "q1": 0.0,
      "q3": 0.14712248535777944,
      "iqr": 0.14712248535777944,
      "tukey_upper": 0.36780621339444863,
      "tukey_lower": -0.22068372803666916,
      "p95": 1.0,
      "p99": 1.0,
      "z_upper": 0.7566601822792215,
      "is_sparse": 0
    },
    "tasso_fermati": {
      "mean": 0.10451028383784888,
      "std": 0.21046110877384538,
      "median": 0.0,
      "q1": 0.0,
      "q3": 0.13932387244107325,
      "iqr": 0.13932387244107325,
      "tukey_upper": 0.3483096811026831,
      "tukey_lower": -0.20898580866160987,
      "p95": 0.5,
      "p99": 1.0,
      "z_upper": 0.6306630557724624,
      "is_sparse": 0
    }
  }
}